Feature,Correlation
pca_10,0.08378676299785673
pca_4,0.07498887671078376
pca_3,0.0689378628914445
pca_9,0.0496882095944962
pca_8,0.0489049494418688
pca_2,0.04594913381452001
pca_7,0.02116323878170164
pca_5,0.012709404476028441
pca_1,0.004273577915421202
pca_6,0.0032623519735980075
