Feature,Correlation
pca_1,0.1391734849497141
pca_7,0.12543567686254004
pca_5,0.11625040057489397
pca_6,0.09394583813923611
pca_2,0.08706474426949617
pca_8,0.04964329393400236
pca_10,0.022094237068709933
pca_4,0.02015208604589965
pca_3,0.01576371326345606
pca_9,0.011314486076251858
