Feature,Correlation
pca_10,0.2876340548960689
pca_1,0.2653847722654694
pca_4,0.14560064470712603
pca_2,0.07252548028193355
pca_7,0.0681226730074529
pca_6,0.05549672152980664
pca_8,0.03331308400826799
pca_9,0.02439130199882557
pca_5,0.014852408226873252
pca_3,0.008483697247049955
