Feature,Correlation
pca_1,0.1456480785470442
pca_8,0.08138357738949951
pca_6,0.04172266573239203
pca_5,0.03631303001568346
pca_4,0.03386892494549435
pca_7,0.02830531232031556
pca_2,0.027003909238062892
pca_3,0.012811736369717339
pca_9,0.006284999683507101
pca_10,0.0036973114012702236
