Feature,Correlation
pca_1,0.28755405689274355
pca_7,0.28646764963181287
pca_9,0.27633476160587855
pca_10,0.2558308115909485
pca_4,0.20872198228876104
pca_8,0.09183878308921213
pca_6,0.0856393584531113
pca_3,0.043247247166568574
pca_2,0.04312141421194529
pca_5,0.016115662982131296
