Feature,Correlation
pca_8,0.06138438492018478
pca_4,0.053685991416491004
pca_5,0.035951537283113726
pca_9,0.03097098803706039
pca_10,0.029291794827379963
pca_2,0.02919533132329249
pca_3,0.016829623911828826
pca_7,0.016641601627999037
pca_1,0.008768762736989438
pca_6,0.004289948418386643
