Feature,Correlation
pca_2,0.20546031824040925
pca_3,0.19388503311003197
pca_9,0.17953307591299292
pca_4,0.16696797872132738
pca_1,0.1520439708851465
pca_7,0.13907486869205093
pca_8,0.10994803460796558
pca_6,0.09443741002873848
pca_5,0.04599799347467129
pca_10,0.0036734409159743147
