Feature,Correlation
pca_1,0.1455967968637082
pca_8,0.09171218705734174
pca_4,0.08350326149828795
pca_9,0.07791362242020387
pca_2,0.06000480208012885
pca_7,0.05591172243153655
pca_5,0.05111720321155564
pca_6,0.035605056610666146
pca_3,0.0208979719649853
pca_10,0.011673614430454546
