Feature,Correlation
pca_8,0.09452067083397477
pca_6,0.06682228873382691
pca_3,0.05035514623521419
pca_7,0.04433145971270585
pca_4,0.03519631415267152
pca_1,0.030980382566944863
pca_10,0.01939769867337902
pca_2,0.016364903485532222
pca_5,0.0054446572711589905
pca_9,0.003490320766007221
