Feature,Correlation
pca_1,0.1805172229944947
pca_8,0.11698392630466782
pca_3,0.11392802260288519
pca_7,0.11271550898841953
pca_4,0.09237369230494837
pca_9,0.07367730668963084
pca_10,0.04553133975838329
pca_2,0.036065663721906144
pca_5,0.0235625965716098
pca_6,0.0035377403934870348
