Feature,Correlation
pca_8,0.2036666852193596
pca_9,0.17027226870289608
pca_7,0.11630705588117554
pca_5,0.09446106758732432
pca_4,0.0715810123906317
pca_2,0.07144790325225374
pca_1,0.06799819565174937
pca_3,0.06260351335265456
pca_10,0.0288929444907886
pca_6,0.00251155674106989
