Feature,Correlation
pca_7,0.17460186776168923
pca_4,0.17358927331133742
pca_1,0.16935150686719794
pca_9,0.14058076735565547
pca_10,0.10401214377014976
pca_8,0.09171000765991587
pca_6,0.07779910801312956
pca_2,0.04323250304472437
pca_3,0.014272429707356293
pca_5,0.012165238870856214
