Feature,Correlation
pca_9,0.19819151157615963
pca_10,0.08630920177573871
pca_3,0.08097442717995157
pca_7,0.07694300124246281
pca_4,0.0483196418378493
pca_5,0.040388406003779326
pca_2,0.03682732852820336
pca_6,0.015722679196977542
pca_1,0.014505594756295875
pca_8,0.00929528613251934
