Feature,Correlation
pca_8,0.14927201928665385
pca_10,0.09478731816477273
pca_7,0.09132771993207207
pca_1,0.08823939669926524
pca_4,0.08402173900039368
pca_3,0.05600217977928106
pca_2,0.055085327796146166
pca_9,0.046025446238648654
pca_6,0.03306910850923657
pca_5,0.01879444982888012
