Feature,Correlation
pca_7,0.106285426491558
pca_9,0.09727584503737208
pca_10,0.07512435582814604
pca_5,0.06533566375681112
pca_8,0.05990447381153044
pca_3,0.048995716305671996
pca_2,0.020839222959541406
pca_6,0.020792507179336957
pca_1,0.012231362314774646
pca_4,0.001368721859875287
